year,team,player,matches,innings,not_outs,runs,avg,sr
2008,CSK,Suresh Raina,16,14,3,421,38.27,142.71
2008,CSK,MS Dhoni,16,14,4,414,41.40,133.55
2008,CSK,Parthiv Patel,13,13,2,302,27.45,101.68
2008,CSK,Albie Morkel,13,10,3,241,34.43,147.85
2008,CSK,Stephen Fleming,10,10,1,196,21.78,118.79
2008,CSK,Subramaniam Badrinath,16,11,5,192,32.00,147.69
2008,CSK,Matthew Hayden,4,4,1,189,63.00,144.27
2008,CSK,Michael Hussey,4,3,1,168,84.00,168.00
2008,CSK,Vidyut Sivaramakrishnan,9,8,0,145,18.13,133.03
2008,CSK,Manpreet Gony,16,5,4,35,35.00,152.17
2008,CSK,Jacob Oram,4,3,2,18,18.00,150.00
2008,CSK,Joginder Sharma,8,3,1,16,8.00,145.45
2008,CSK,Chamara Kapugedera,5,3,0,16,5.33,69.57
2008,CSK,Makhaya Ntini,9,2,1,11,11.00,61.11
2008,CSK,Anirudha Srikkanth,1,1,0,1,1.00,14.29
2008,CSK,Muttiah Muralitharan,15,1,0,0,0.00,0.00
2008,CSK,Lakshmipathy Balaji,9,1,0,0,0.00,0.00
2008,CSK,Abhinav Mukund,2,1,0,0,0.00,0.00
2009,CSK,Matthew Hayden,12,12,1,572,52.00,144.81
2009,CSK,Suresh Raina,14,14,0,434,31.00,140.91
2009,CSK,MS Dhoni,14,13,5,332,41.50,127.20
2009,CSK,Subramaniam Badrinath,14,11,2,177,19.67,107.93
2009,CSK,Parthiv Patel,9,9,0,142,15.78,112.70
2009,CSK,Albie Morkel,12,10,6,97,24.25,138.57
2009,CSK,Jacob Oram,11,8,2,88,14.67,94.62
2009,CSK,Andrew Flintoff,3,3,1,62,31.00,116.98
2009,CSK,Murali Vijay,4,4,0,60,15.00,89.55
2009,CSK,George Bailey,3,2,0,45,22.50,115.38
2009,CSK,Joginder Sharma,4,2,1,20,20.00,111.11
2009,CSK,Shadab Jakati,9,2,1,20,20.00,133.33
2009,CSK,Manpreet Gony,7,3,1,13,6.50,185.71
2009,CSK,Ravichandran Ashwin,2,1,0,8,8.00,53.33
2009,CSK,Muttiah Muralitharan,13,4,2,8,4.00,100.00
2009,CSK,Lakshmipathy Balaji,13,4,1,4,1.33,40.00
2009,CSK,Thilan Thushara,2,2,1,2,2.00,28.57
2009,CSK,Sudeep Tyagi,8,2,1,0,0.00,
2010,CSK,Suresh Raina,16,16,5,520,47.27,142.86
2010,CSK,Murali Vijay,15,15,2,458,35.23,156.85
2010,CSK,Subramaniam Badrinath,16,15,4,356,32.36,117.49
2010,CSK,Matthew Hayden,16,16,0,346,21.63,124.01
2010,CSK,MS Dhoni,13,11,2,287,31.89,136.67
2010,CSK,Albie Morkel,14,11,3,198,24.75,151.15
2010,CSK,Parthiv Patel,4,4,0,72,18.00,91.14
2010,CSK,Michael Hussey,3,3,1,37,18.50,84.09
2010,CSK,Ravichandran Ashwin,12,6,2,30,7.50,75.00
2010,CSK,Anirudha Srikkanth,4,3,2,30,30.00,166.67
2010,CSK,Justin Kemp,5,2,0,26,13.00,108.33
2010,CSK,Lakshmipathy Balaji,7,3,1,18,9.00,90.00
2010,CSK,George Bailey,1,1,0,18,18.00,66.67
2010,CSK,Doug Bollinger,8,2,2,18,,105.88
2010,CSK,Thilan Thushara,4,2,1,10,10.00,90.91
2010,CSK,Sudeep Tyagi,6,1,1,3,,75.00
2010,CSK,Arun Karthik,1,1,1,3,,60.00
2010,CSK,Manpreet Gony,3,1,0,2,2.00,33.33
2010,CSK,Muttiah Muralitharan,12,1,0,1,1.00,50.00
2010,CSK,Shadab Jakati,11,2,2,0,,
2010,CSK,Chandrasekar Ganapathy,1,1,1,0,,
2011,CSK,Michael Hussey,14,14,2,492,41.00,118.84
2011,CSK,Suresh Raina,16,16,2,438,31.29,134.77
2011,CSK,Murali Vijay,16,16,0,434,27.13,128.02
2011,CSK,Subramaniam Badrinath,16,13,6,396,56.57,126.52
2011,CSK,MS Dhoni,16,13,4,392,43.56,158.70
2011,CSK,Albie Morkel,15,13,7,138,23.00,135.29
2011,CSK,Anirudha Srikkanth,9,5,1,83,20.75,112.16
2011,CSK,Wriddhiman Saha,7,3,2,68,68.00,107.94
2011,CSK,Dwayne Bravo,6,2,1,11,11.00,183.33
2011,CSK,Scott Styris,2,1,1,5,,250.00
2011,CSK,Ravichandran Ashwin,16,2,0,2,1.00,33.33
2011,CSK,Suraj Randiv,8,1,0,2,2.00,50.00
2011,CSK,Shadab Jakati,15,1,1,0,,
2011,CSK,Doug Bollinger,13,1,1,0,,0.00
2011,CSK,Joginder Sharma,1,1,0,0,0.00,0.00
2012,CSK,Suresh Raina,18,18,1,441,25.94,135.69
2012,CSK,Faf du Plessis,12,12,0,398,33.17,130.92
2012,CSK,Dwayne Bravo,18,16,8,371,46.38,140.53
2012,CSK,MS Dhoni,18,17,5,358,29.83,128.78
2012,CSK,Murali Vijay,14,14,1,336,25.85,125.84
2012,CSK,Michael Hussey,8,8,0,261,32.63,110.59
2012,CSK,Subramaniam Badrinath,14,9,2,196,28.00,108.29
2012,CSK,Ravindra Jadeja,18,14,2,191,15.92,126.49
2012,CSK,Albie Morkel,15,12,5,107,15.29,157.35
2012,CSK,Anirudha Srikkanth,4,2,2,19,,271.43
2012,CSK,Ravichandran Ashwin,18,5,2,18,6.00,120.00
2012,CSK,Shadab Jakati,15,2,2,7,,58.33
2012,CSK,Wriddhiman Saha,3,1,0,6,6.00,42.86
2012,CSK,Nuwan Kulasekara,4,1,1,5,,166.67
2012,CSK,Doug Bollinger,6,1,0,3,3.00,60.00
2013,CSK,Michael Hussey,17,17,3,733,52.36,129.51
2013,CSK,Suresh Raina,18,17,4,548,42.15,150.14
2013,CSK,MS Dhoni,18,16,5,461,41.91,162.90
2013,CSK,Murali Vijay,15,15,1,312,22.29,109.09
2013,CSK,Ravindra Jadeja,18,14,6,201,25.13,148.89
2013,CSK,Subramaniam Badrinath,18,8,1,124,17.71,102.48
2013,CSK,Dwayne Bravo,18,12,4,121,15.13,114.15
2013,CSK,Wriddhiman Saha,3,3,0,70,23.33,125.00
2013,CSK,Albie Morkel,8,3,0,46,15.33,124.32
2013,CSK,Ravichandran Ashwin,18,5,1,35,8.75,71.43
2013,CSK,Chris Morris,16,6,4,14,7.00,87.50
2013,CSK,Ben Laughlin,2,2,1,4,4.00,44.44
2013,CSK,Ankit Rajpoot,2,1,1,2,,33.33
2013,CSK,Dirk Nannes,5,1,1,0,,
2013,CSK,Mohit Sharma,15,2,1,0,0.00,0.00
2013,CSK,Anirudha Srikkanth,1,1,0,0,0.00,0.00
2014,CSK,Dwayne Smith,16,16,0,566,35.38,136.06
2014,CSK,Suresh Raina,16,16,3,523,40.23,145.68
2014,CSK,Brendon McCullum,14,14,1,405,31.15,121.62
2014,CSK,MS Dhoni,16,15,10,371,74.20,148.40
2014,CSK,Faf du Plessis,15,12,1,303,27.55,128.94
2014,CSK,Ravindra Jadeja,16,10,5,146,29.20,132.73
2014,CSK,David Hussey,5,4,2,116,58.00,123.40
2014,CSK,Ravichandran Ashwin,16,6,3,45,15.00,100.00
2014,CSK,Mithun Manhas,12,5,3,35,17.50,152.17
2014,CSK,Dwayne Bravo,1,1,1,8,,266.67
2014,CSK,Mohit Sharma,16,1,1,1,,33.33
2014,CSK,Ben Hilfenhaus,8,1,1,0,,
2015,CSK,Brendon McCullum,14,14,1,436,33.54,155.71
2015,CSK,Dwayne Smith,16,16,0,399,24.94,119.10
2015,CSK,Faf du Plessis,17,15,2,380,29.23,125.00
2015,CSK,Suresh Raina,17,17,2,374,24.93,122.62
2015,CSK,MS Dhoni,17,17,5,372,31.00,121.97
2015,CSK,Dwayne Bravo,17,14,5,195,21.67,131.76
2015,CSK,Ravindra Jadeja,17,12,5,132,18.86,104.76
2015,CSK,Pawan Negi,10,9,1,116,14.50,158.90
2015,CSK,Michael Hussey,4,4,0,77,19.25,110.00
2015,CSK,Ravichandran Ashwin,14,6,3,52,17.33,162.50
2015,CSK,Mohit Sharma,16,6,3,28,9.33,155.56
2015,CSK,Ronit More,2,1,1,2,,100.00
2015,CSK,Ashish Nehra,16,4,3,1,1.00,14.29
2018,CSK,Ambati Rayudu,16,16,2,602,43.00,149.75
2018,CSK,Shane Watson,15,15,1,555,39.64,154.60
2018,CSK,MS Dhoni,16,15,9,455,75.83,150.66
2018,CSK,Suresh Raina,15,15,3,445,37.08,132.44
2018,CSK,Faf du Plessis,6,6,1,162,32.40,125.58
2018,CSK,Dwayne Bravo,16,10,6,141,35.25,154.95
2018,CSK,Sam Billings,10,8,0,108,13.50,138.46
2018,CSK,Ravindra Jadeja,16,10,5,89,17.80,120.27
2018,CSK,Deepak Chahar,12,4,1,50,16.67,172.41
2018,CSK,Harbhajan Singh,13,3,0,29,9.67,80.56
2018,CSK,Kedar Jadhav,1,1,1,24,,109.09
2018,CSK,Shardul Thakur,13,1,1,15,,300.00
2018,CSK,Murali Vijay,1,1,0,12,12.00,120.00
2018,CSK,Dhruv Shorey,1,1,0,8,8.00,88.89
2018,CSK,Imran Tahir,6,1,1,2,,100.00
2018,CSK,Mark Wood,1,1,0,1,1.00,33.33
2018,CSK,Karn Sharma,6,1,1,0,,
2019,CSK,MS Dhoni,15,12,7,416,83.20,134.63
2019,CSK,Shane Watson,17,17,0,398,23.41,127.56
2019,CSK,Faf du Plessis,12,12,1,396,36.00,123.36
2019,CSK,Suresh Raina,17,17,1,383,23.94,121.97
2019,CSK,Ambati Rayudu,17,17,5,282,23.50,93.07
2019,CSK,Kedar Jadhav,14,12,3,162,18.00,95.86
2019,CSK,Ravindra Jadeja,16,9,6,106,35.33,120.45
2019,CSK,Dwayne Bravo,12,9,4,80,16.00,121.21
2019,CSK,Murali Vijay,2,2,0,64,32.00,104.92
2019,CSK,Mitchell Santner,4,2,1,32,32.00,139.13
2019,CSK,Shardul Thakur,10,3,1,14,7.00,200.00
2019,CSK,Deepak Chahar,17,2,0,7,3.50,77.78
2019,CSK,Dhruv Shorey,1,1,0,5,5.00,62.50
2019,CSK,Harbhajan Singh,11,1,0,1,1.00,33.33
2019,CSK,Imran Tahir,17,1,1,0,,
2019,CSK,Mohit Sharma,1,1,1,0,,0.00
2019,CSK,Sam Billings,1,1,0,0,0.00,0.00
2020,CSK,Faf du Plessis,13,13,2,449,40.82,140.75
2020,CSK,Ambati Rayudu,12,11,2,359,39.89,127.30
2020,CSK,Shane Watson,11,11,1,299,29.90,121.05
2020,CSK,Ravindra Jadeja,14,11,6,232,46.40,171.85
2020,CSK,Ruturaj Gaikwad,6,6,2,204,51.00,120.71
2020,CSK,MS Dhoni,14,12,4,200,25.00,116.28
2020,CSK,Sam Curran,14,11,3,186,23.25,131.91
2020,CSK,Kedar Jadhav,8,5,2,62,20.67,93.94
2020,CSK,Narayan Jagadeesan,5,2,0,33,16.50,113.79
2020,CSK,Murali Vijay,3,3,0,32,10.67,74.42
2020,CSK,Imran Tahir,3,1,1,13,,130.00
2020,CSK,Shardul Thakur,9,2,1,12,12.00,57.14
2020,CSK,Deepak Chahar,14,3,2,7,7.00,58.33
2020,CSK,Dwayne Bravo,6,2,0,7,3.50,116.67
2021,CSK,Ruturaj Gaikwad,16,16,2,635,45.36,136.27
2021,CSK,Faf du Plessis,16,16,2,633,45.21,138.21
2021,CSK,Moeen Ali,15,15,1,357,25.50,137.31
2021,CSK,Ambati Rayudu,16,13,4,257,28.56,151.18
2021,CSK,Ravindra Jadeja,16,12,9,227,75.67,145.51
2021,CSK,Suresh Raina,12,11,2,160,17.78,125.00
2021,CSK,Robin Uthappa,4,4,0,115,28.75,136.90
2021,CSK,MS Dhoni,16,11,4,114,16.29,106.54
2021,CSK,Sam Curran,9,4,1,56,18.67,193.10
2021,CSK,Dwayne Bravo,11,3,2,47,47.00,261.11
2021,CSK,Shardul Thakur,16,4,2,5,2.50,100.00
2021,CSK,Deepak Chahar,15,2,2,1,,100.00
2022,CSK,Ruturaj Gaikwad,14,14,0,368,26.29,126.46
2022,CSK,Shivam Dube,11,11,1,289,28.90,156.22
2022,CSK,Ambati Rayudu,13,11,0,274,24.91,122.32
2022,CSK,Devon Conway,7,7,1,252,42.00,145.66
2022,CSK,Moeen Ali,10,10,0,244,24.40,137.85
2022,CSK,MS Dhoni,14,13,6,232,33.14,123.40
2022,CSK,Robin Uthappa,12,11,0,230,20.91,134.50
2022,CSK,Ravindra Jadeja,10,10,4,116,19.33,118.37
2022,CSK,Dwaine Pretorius,6,5,1,44,11.00,157.14
2022,CSK,Narayan Jagadeesan,2,2,1,40,40.00,108.11
2022,CSK,Dwayne Bravo,10,6,4,23,11.50,95.83
2022,CSK,Mitchell Santner,6,4,2,22,11.00,81.48
2022,CSK,Chris Jordan,4,2,1,11,11.00,137.50
2022,CSK,Maheesh Theekshana,9,2,1,7,7.00,100.00
2022,CSK,Simarjeet Singh,6,3,2,7,7.00,87.50
2022,CSK,Mukesh Choudhary,13,2,1,6,6.00,100.00
2023,CSK,Devon Conway,16,15,2,672,51.69,139.71
2023,CSK,Ruturaj Gaikwad,16,15,1,590,42.14,147.50
2023,CSK,Shivam Dube,16,14,3,418,38.00,158.33
2023,CSK,Ajinkya Rahane,14,11,1,326,32.60,172.49
2023,CSK,Ravindra Jadeja,16,12,4,190,23.75,142.86
2023,CSK,Ambati Rayudu,16,12,2,158,15.80,139.82
2023,CSK,Moeen Ali,15,10,3,124,17.71,136.26
2023,CSK,MS Dhoni,16,12,8,104,26.00,182.46
2023,CSK,Ben Stokes,2,2,0,15,7.50,107.14
2023,CSK,Mitchell Santner,3,2,2,2,,50.00
2023,CSK,Deepak Chahar,10,1,1,1,,50.00
2023,CSK,Tushar Deshpande,16,1,1,0,,0.00
2024,CSK,Ruturaj Gaikwad,14,14,3,583,53.00,141.16
2024,CSK,Shivam Dube,14,14,3,396,36.00,162.30
2024,CSK,Daryl Mitchell,13,13,2,318,28.91,142.60
2024,CSK,Ravindra Jadeja,14,11,5,267,44.50,142.78
2024,CSK,Ajinkya Rahane,13,12,0,242,20.17,123.47
2024,CSK,Rachin Ravindra,10,10,0,222,22.20,160.87
2024,CSK,MS Dhoni,14,11,8,161,53.67,220.55
2024,CSK,Moeen Ali,8,5,0,128,25.60,130.61
2024,CSK,Sameer Rizvi,8,5,1,51,12.75,118.60
2024,CSK,Shardul Thakur,9,3,2,21,21.00,123.53
2024,CSK,Mitchell Santner,3,3,0,14,4.67,82.35
2024,CSK,Richard Gleeson,2,1,1,2,,100.00
2024,CSK,Tushar Deshpande,13,1,1,0,,0.00
2025,CSK,Shivam Dube,14,14,3,357,32.45,132.22
2025,CSK,Ravindra Jadeja,14,14,5,301,33.44,135.59
2025,CSK,Ayush Mhatre,7,7,0,240,34.29,188.98
2025,CSK,Dewald Brevis,6,6,0,225,37.50,180.00
2025,CSK,MS Dhoni,14,13,5,196,24.50,135.17
2025,CSK,Rachin Ravindra,8,8,1,191,27.29,128.19
2025,CSK,Devon Conway,6,6,0,156,26.00,131.09
2025,CSK,Ruturaj Gaikwad,5,5,0,122,24.40,150.62
2025,CSK,Vijay Shankar,6,5,2,118,39.33,129.67
2025,CSK,Sam Curran,5,5,0,114,22.80,135.71
2025,CSK,Shaik Rasheed,5,5,0,71,14.20,112.70
2025,CSK,Urvil Patel,3,3,0,68,22.67,212.50
2025,CSK,Rahul Tripathi,5,5,0,55,11.00,96.49
2025,CSK,Ravichandran Ashwin,9,4,0,33,8.25,110.00
2025,CSK,Deepak Hooda,7,5,0,31,6.20,75.61
2025,CSK,Jamie Overton,3,2,2,15,,214.29
2025,CSK,Anshul Kamboj,8,5,3,14,7.00,116.67
2025,CSK,Noor Ahmad,14,6,2,7,1.75,41.18
2025,CSK,Khaleel Ahmed,14,2,2,1,,50.00
2026,CSK,Sanju Samson,14,14,3,477,43.36,165.63
2026,CSK,Ruturaj Gaikwad,14,14,2,337,28.08,123.44
2026,CSK,Kartik Sharma,11,11,2,295,32.78,136.57
2026,CSK,Shivam Dube,13,12,5,270,38.57,158.82
2026,CSK,Ayush Mhatre,6,6,0,201,33.50,177.88
2026,CSK,Sarfaraz Khan,8,7,0,161,23.00,169.47
2026,CSK,Dewald Brevis,11,8,0,151,18.88,127.97
2026,CSK,Jamie Overton,10,6,1,136,27.20,158.14
2026,CSK,Urvil Patel,7,7,0,129,18.43,201.56
2026,CSK,Prashant Veer,6,5,3,90,45.00,134.33
2026,CSK,Matthew Short,3,3,0,60,20.00,117.65
2026,CSK,Anshul Kamboj,14,4,3,58,58.00,152.63
2026,CSK,Noor Ahmad,14,4,1,11,3.67,47.83
2026,CSK,Matt Henry,3,2,0,7,3.50,70.00
2026,CSK,Akeal Hosein,7,3,3,5,,166.67
2026,CSK,Mukesh Choudhary,8,1,1,2,,100.00
2026,CSK,Spencer Johnson,3,1,0,0,0.00,0.00
