year,team,player,matches,innings,overs,wickets,avg,economy
2013,SRH,Amit Mishra,17,17,62.0,21,18.76,6.35
2013,SRH,Dale Steyn,17,17,67.5,19,20.21,5.66
2013,SRH,Thisara Perera,16,16,59.4,19,25.16,8.01
2013,SRH,Ishant Sharma,16,16,59.4,15,31.07,7.81
2013,SRH,Karn Sharma,13,13,34.5,11,20.91,6.60
2013,SRH,Darren Sammy,10,9,22.2,8,21.00,7.52
2013,SRH,Ashish Reddy,12,5,6.4,3,23.33,10.50
2013,SRH,Anand Rajan,2,2,8.0,2,21.00,5.25
2013,SRH,Cameron White,13,2,2.0,1,16.00,8.00
2013,SRH,Hanuma Vihari,17,5,6.0,1,38.00,6.33
2013,SRH,Ankit Sharma,1,1,2.0,0,,8.50
2014,SRH,Bhuvneshwar Kumar,14,14,53.1,20,17.70,6.66
2014,SRH,Karn Sharma,14,14,50.4,15,25.07,7.42
2014,SRH,Dale Steyn,14,14,56.0,11,39.18,7.70
2014,SRH,Amit Mishra,10,10,37.3,7,48.57,9.07
2014,SRH,Irfan Pathan,10,10,23.4,4,51.25,8.66
2014,SRH,Moises Henriques,4,4,10.0,4,24.00,9.60
2014,SRH,Darren Sammy,10,8,14.0,3,52.33,11.21
2014,SRH,Ishant Sharma,3,3,11.0,3,33.67,9.18
2014,SRH,Jason Holder,1,1,3.0,1,35.00,11.67
2014,SRH,Parvez Rasool,3,3,9.0,1,83.00,9.22
2014,SRH,Venugopal Rao,7,2,2.0,0,,8.00
2015,SRH,Bhuvneshwar Kumar,14,14,51.4,18,22.61,7.88
2015,SRH,Moises Henriques,9,9,25.0,11,14.36,6.32
2015,SRH,Karn Sharma,14,14,39.5,10,33.20,8.33
2015,SRH,Trent Boult,7,7,28.0,9,26.22,8.43
2015,SRH,Praveen Kumar,12,12,36.0,7,47.00,9.14
2015,SRH,Ravi Bopara,9,7,20.0,6,26.67,8.00
2015,SRH,Ashish Reddy,6,4,6.0,3,16.67,8.33
2015,SRH,Bipul Sharma,4,3,7.0,3,16.67,7.14
2015,SRH,Dale Steyn,6,6,19.0,3,56.67,8.95
2015,SRH,Ishant Sharma,4,4,14.0,1,159.00,11.36
2015,SRH,Parvez Rasool,2,2,5.0,1,31.00,6.20
2016,SRH,Bhuvneshwar Kumar,17,17,66.0,23,21.30,7.42
2016,SRH,Mustafizur Rahman,16,16,61.0,17,24.76,6.90
2016,SRH,Barinder Sran,14,14,49.3,14,29.50,8.34
2016,SRH,Moises Henriques,17,17,52.0,12,34.58,7.98
2016,SRH,Ashish Nehra,8,8,26.0,9,22.11,7.65
2016,SRH,Ben Cutting,4,4,11.1,5,16.00,7.16
2016,SRH,Bipul Sharma,7,6,14.0,3,40.33,8.64
2016,SRH,Deepak Hooda,17,6,13.0,3,32.33,7.46
2016,SRH,Ashish Reddy,4,2,3.5,1,39.00,10.17
2016,SRH,Trent Boult,1,1,4.0,1,39.00,9.75
2016,SRH,Kane Williamson,6,1,1.0,0,,7.00
2016,SRH,Karn Sharma,5,5,16.2,0,,10.47
2016,SRH,Yuvraj Singh,10,5,6.1,0,,8.43
2017,SRH,Bhuvneshwar Kumar,14,14,52.2,26,14.19,7.05
2017,SRH,Rashid Khan,14,14,54.0,17,21.06,6.63
2017,SRH,Siddarth Kaul,10,10,35.4,16,18.75,8.41
2017,SRH,Mohammed Siraj,6,6,23.0,10,21.20,9.22
2017,SRH,Ashish Nehra,6,6,21.1,8,24.63,9.31
2017,SRH,Bipul Sharma,7,7,16.2,3,43.00,7.90
2017,SRH,Deepak Hooda,10,3,4.0,2,21.00,10.50
2017,SRH,Mohammad Nabi,3,3,11.0,2,29.00,5.27
2017,SRH,Ben Cutting,4,4,12.4,1,123.00,9.71
2017,SRH,Chris Jordan,1,1,1.0,1,9.00,9.00
2017,SRH,Moises Henriques,12,12,24.0,1,248.00,10.33
2017,SRH,Yuvraj Singh,12,2,2.0,1,22.00,11.00
2017,SRH,Barinder Sran,1,1,2.0,0,,14.50
2017,SRH,Mustafizur Rahman,1,1,2.4,0,,12.75
2018,SRH,Rashid Khan,17,17,68.0,21,21.81,6.74
2018,SRH,Siddarth Kaul,17,17,66.0,21,26.05,8.29
2018,SRH,Shakib Al Hasan,17,17,57.0,14,32.57,8.00
2018,SRH,Sandeep Sharma,12,12,44.0,12,27.75,7.57
2018,SRH,Bhuvneshwar Kumar,12,12,46.1,9,39.33,7.67
2018,SRH,Billy Stanlake,4,4,16.0,5,26.00,8.13
2018,SRH,Basil Thampi,4,4,10.1,5,22.80,11.21
2018,SRH,Carlos Brathwaite,4,4,10.1,5,18.80,9.25
2018,SRH,Mohammad Nabi,2,2,5.0,1,47.00,9.40
2018,SRH,Yusuf Pathan,15,1,2.0,1,14.00,7.00
2018,SRH,Chris Jordan,1,1,4.0,0,,7.75
2018,SRH,Deepak Hooda,9,2,3.0,0,,8.00
2018,SRH,Khaleel Ahmed,1,1,3.0,0,,12.67
2019,SRH,Khaleel Ahmed,9,9,34.5,19,15.11,8.24
2019,SRH,Rashid Khan,15,15,60.0,17,22.18,6.28
2019,SRH,Bhuvneshwar Kumar,15,15,59.0,13,35.46,7.81
2019,SRH,Sandeep Sharma,11,11,42.4,12,29.33,8.25
2019,SRH,Mohammad Nabi,8,8,29.1,8,24.25,6.65
2019,SRH,Siddarth Kaul,7,7,27.0,6,40.33,8.96
2019,SRH,Shahbaz Nadeem,3,3,9.0,2,45.00,10.00
2019,SRH,Shakib Al Hasan,3,3,10.5,2,47.50,8.77
2019,SRH,Abhishek Sharma,3,2,2.0,1,21.00,10.50
2019,SRH,Deepak Hooda,11,2,2.0,1,21.00,10.50
2019,SRH,Vijay Shankar,15,5,8.0,1,70.00,8.75
2019,SRH,Basil Thampi,3,3,12.0,0,,9.17
2019,SRH,Yusuf Pathan,10,1,1.0,0,,8.00
2020,SRH,Rashid Khan,16,16,64.0,20,17.20,5.38
2020,SRH,T Natarajan,16,16,62.5,16,31.50,8.02
2020,SRH,Jason Holder,7,7,28.0,14,16.64,8.32
2020,SRH,Sandeep Sharma,13,13,52.0,14,26.71,7.19
2020,SRH,Khaleel Ahmed,7,7,25.4,8,30.25,9.43
2020,SRH,Shahbaz Nadeem,7,7,22.0,5,35.60,8.09
2020,SRH,Vijay Shankar,7,5,13.1,4,20.50,6.23
2020,SRH,Bhuvneshwar Kumar,4,4,14.1,3,33.00,6.99
2020,SRH,Abhishek Sharma,8,6,10.0,2,45.50,9.10
2020,SRH,Siddarth Kaul,1,1,4.0,2,32.00,16.00
2020,SRH,Abdul Samad,12,3,7.0,1,96.00,13.71
2020,SRH,Basil Thampi,1,1,4.0,1,46.00,11.50
2020,SRH,David Warner,16,1,0.1,0,,12.00
2020,SRH,Kane Williamson,12,1,2.0,0,,12.00
2020,SRH,Mitchell Marsh,1,1,0.4,0,,9.00
2020,SRH,Mohammad Nabi,1,1,4.0,0,,5.75
2021,SRH,Rashid Khan,14,14,56.0,18,20.83,6.70
2021,SRH,Jason Holder,8,8,31.5,16,15.44,7.76
2021,SRH,Siddarth Kaul,8,8,30.0,7,35.29,8.23
2021,SRH,Bhuvneshwar Kumar,11,11,42.0,6,55.83,7.98
2021,SRH,Khaleel Ahmed,7,7,27.0,5,43.80,8.11
2021,SRH,Abhishek Sharma,8,6,10.0,4,16.00,6.40
2021,SRH,Sandeep Sharma,7,7,23.3,3,67.67,8.64
2021,SRH,Vijay Shankar,7,5,11.0,3,33.33,9.09
2021,SRH,Mohammad Nabi,3,3,8.0,2,43.00,10.75
2021,SRH,Mujeeb Ur Rahman,1,1,4.0,2,14.50,7.25
2021,SRH,T Natarajan,2,2,8.0,2,34.50,8.63
2021,SRH,Umran Malik,3,3,12.0,2,48.00,8.00
2021,SRH,Abdul Samad,11,1,1.0,1,9.00,9.00
2021,SRH,Shahbaz Nadeem,1,1,4.0,1,36.00,9.00
2021,SRH,Jagadeesha Suchith,2,2,7.0,0,,9.43
2022,SRH,Umran Malik,14,14,49.1,22,20.18,9.03
2022,SRH,T Natarajan,11,11,43.0,18,22.56,9.44
2022,SRH,Bhuvneshwar Kumar,14,14,52.1,12,31.92,7.34
2022,SRH,Jagadeesha Suchith,5,5,18.0,7,20.00,7.78
2022,SRH,Marco Jansen,8,8,32.0,7,39.14,8.56
2022,SRH,Washington Sundar,9,8,28.0,6,39.83,8.54
2022,SRH,Romario Shepherd,3,3,9.0,3,32.67,10.89
2022,SRH,Fazalhaq Farooqi,3,3,12.0,2,55.00,9.17
2022,SRH,Aiden Markram,14,4,6.0,1,64.00,10.67
2022,SRH,Kartik Tyagi,2,2,8.0,1,79.00,9.88
2022,SRH,Shreyas Gopal,1,1,3.0,1,34.00,11.33
2022,SRH,Sean Abbott,1,1,4.0,1,47.00,11.75
2022,SRH,Abdul Samad,2,1,1.0,0,,8.00
2022,SRH,Abhishek Sharma,14,3,4.0,0,,9.50
2022,SRH,Shashank Singh,10,2,2.0,0,,10.00
2023,SRH,Bhuvneshwar Kumar,14,14,51.0,16,26.56,8.33
2023,SRH,Mayank Markande,10,10,38.0,12,25.00,7.89
2023,SRH,Marco Jansen,8,8,27.0,10,26.70,9.89
2023,SRH,T Natarajan,12,12,45.0,10,41.00,9.11
2023,SRH,Umran Malik,8,8,20.0,5,43.40,10.85
2023,SRH,Fazalhaq Farooqi,4,4,13.2,4,29.25,8.78
2023,SRH,Washington Sundar,7,7,17.4,3,48.67,8.26
2023,SRH,Adil Rashid,2,2,7.0,2,28.00,8.00
2023,SRH,Abhishek Sharma,11,5,12.0,2,62.00,10.33
2023,SRH,Akeal Hosein,1,1,4.0,1,40.00,10.00
2023,SRH,Aiden Markram,13,6,8.1,1,70.00,8.57
2023,SRH,Glenn Phillips,5,2,3.0,1,20.00,6.67
2023,SRH,Kartik Tyagi,3,3,6.1,1,92.00,14.92
2023,SRH,Mayank Dagar,3,3,11.0,1,83.00,7.55
2023,SRH,Nitish Kumar Reddy,2,2,5.0,0,,10.80
2023,SRH,Vivrant Sharma,3,2,3.0,0,,12.33
2024,SRH,T Natarajan,14,14,51.2,19,24.47,9.06
2024,SRH,Pat Cummins,16,16,61.0,18,31.44,9.28
2024,SRH,Bhuvneshwar Kumar,16,16,57.0,11,48.45,9.35
2024,SRH,Jaydev Unadkat,11,11,31.1,8,39.88,10.24
2024,SRH,Mayank Markande,7,7,22.0,8,32.38,11.77
2024,SRH,Shahbaz Ahmed,16,15,27.3,7,38.57,9.82
2024,SRH,Nitish Kumar Reddy,13,7,13.1,3,51.00,11.62
2024,SRH,Abhishek Sharma,16,4,7.0,2,25.50,7.29
2024,SRH,Marco Jansen,3,3,10.0,1,129.00,12.90
2024,SRH,Vijayakanth Viyaskanth,3,3,10.0,1,86.00,8.60
2024,SRH,Washington Sundar,2,2,5.0,1,73.00,14.60
2024,SRH,Aiden Markram,11,2,2.0,0,,7.50
2024,SRH,Travis Head,15,1,1.4,0,,19.20
2024,SRH,Umran Malik,1,1,1.0,0,,15.00
2025,SRH,Harshal Patel,13,13,43.5,16,26.88,9.81
2025,SRH,Pat Cummins,14,14,49.4,16,28.13,9.06
2025,SRH,Eshan Malinga,7,7,26.4,13,18.31,8.93
2025,SRH,Jaydev Unadkat,7,7,23.5,11,15.91,7.34
2025,SRH,Mohammed Shami,9,9,30.0,6,56.17,11.23
2025,SRH,Zeeshan Ansari,10,10,33.5,6,55.50,9.84
2025,SRH,Harsh Dubey,3,3,10.0,5,19.60,9.80
2025,SRH,Adam Zampa,2,2,8.0,2,47.00,11.75
2025,SRH,Nitish Kumar Reddy,13,3,5.0,2,23.50,9.40
2025,SRH,Kamindu Mendis,5,4,7.0,2,30.00,8.57
2025,SRH,Simarjeet Singh,4,4,10.0,2,70.50,14.10
2025,SRH,Abhishek Sharma,14,6,11.0,0,,10.18
2025,SRH,Ishan Kishan,14,1,0.1,0,,24.00
2025,SRH,Wiaan Mulder,1,1,1.0,0,,16.00
2025,SRH,Rahul Chahar,1,1,1.0,0,,9.00
2026,SRH,Eshan Malinga,15,15,54.2,20,25.35,9.33
2026,SRH,Sakib Hussain,11,11,42.0,15,26.47,9.45
2026,SRH,Praful Hinge,7,7,26.0,14,21.79,11.73
2026,SRH,Shivang Kumar,13,13,39.0,9,41.67,9.62
2026,SRH,Harsh Dubey,8,8,22.0,8,28.50,10.36
2026,SRH,Nitish Kumar Reddy,14,14,31.0,8,40.38,10.42
2026,SRH,Pat Cummins,8,8,32.0,8,38.38,9.59
2026,SRH,Jaydev Unadkat,4,4,12.5,4,35.00,10.91
2026,SRH,David Payne,2,2,5.0,2,35.00,14.00
2026,SRH,Dilshan Madushanka,1,1,4.0,1,36.00,9.00
2026,SRH,Travis Head,15,1,1.0,1,7.00,7.00
2026,SRH,Abhishek Sharma,15,4,4.5,0,,10.14
2026,SRH,Harshal Patel,5,5,13.4,0,,10.83
